{"cameraMode":{"drawMode":0,"name":"Shaded","section":"Shading Mode"},"sceneLighting":false,"audioPlay":false,"sceneViewState":{"showFog":true,"showMaterialUpdate":false,"showSkybox":false,"showFlares":true,"showImageEffects":true,"showParticleSystems":true},"in2DMode":false,"pivot":{"x":0.03180432319641113,"y":-0.08871161937713623,"z":0.05401194095611572},"rotation":{"x":0.15616387128829957,"y":0.42837002873420718,"z":-0.07543432712554932,"w":0.8868041634559631},"size":1.6960935592651368,"orthographic":false}