{"cameraMode":{"drawMode":0,"name":"Shaded","section":"Shading Mode"},"sceneLighting":true,"audioPlay":false,"sceneViewState":{"showFog":true,"showMaterialUpdate":false,"showSkybox":true,"showFlares":true,"showImageEffects":true,"showParticleSystems":true},"in2DMode":false,"pivot":{"x":0.3571927547454834,"y":-0.8838484287261963,"z":-0.26881444454193118},"rotation":{"x":-0.06665719300508499,"y":-0.867799699306488,"z":0.4772586226463318,"w":-0.12126318365335465},"size":4.19157600402832,"orthographic":false}