{"cameraMode":{"drawMode":0,"name":"Shaded","section":"Shading Mode"},"sceneLighting":true,"audioPlay":false,"sceneViewState":{"showFog":true,"showMaterialUpdate":false,"showSkybox":true,"showFlares":true,"showImageEffects":true,"showParticleSystems":true},"in2DMode":false,"pivot":{"x":-7.033200263977051,"y":1.295945405960083,"z":-0.5931863784790039},"rotation":{"x":-0.032598529011011127,"y":-0.9454385638237,"z":0.3083933889865875,"w":-0.09988418221473694},"size":6.449386119842529,"orthographic":false}