{"cameraMode":{"drawMode":0,"name":"Shaded","section":"Shading Mode"},"sceneLighting":true,"audioPlay":false,"sceneViewState":{"showFog":true,"showMaterialUpdate":false,"showSkybox":true,"showFlares":true,"showImageEffects":true,"showParticleSystems":true},"in2DMode":false,"pivot":{"x":-0.3197643458843231,"y":-0.0462208092212677,"z":0.2675244212150574},"rotation":{"x":-0.0616459921002388,"y":0.8513747453689575,"z":-0.5106950402259827,"w":-0.10272013396024704},"size":1.8010687828063965,"orthographic":false}